PF215784,,"88,000원"
PF215593,,"40,000원"
PF215333,,"99,000원"
PF215170,,"110,000원"
PF215389,,"20,000원"
PF215387,,"1,000원"
PF215257,R석,"100,000원"
PF215258,S석,"80,000원"
PF215259,A석,"60,000원"
PF215260,B석,"50,000원"
PF215381,,"50,000원"
PF215326,,"30,000원"
PF215011,R석,"200,000원"
PF215012,S석,"150,000원"
PF215013,A석,"100,000원"
PF215014,B석,"50,000원"
PF215015,C석,"30,000원"
PF215016,D석,"25,000원"
PF215707,,"20,000원"
PF215323,,"30,000원"
PF215384,,"1,000원"
PF214918,,"30,000원"
PF213807,R석,"70,000원"
PF213808,S석,"50,000원"
PF213809,A석,"20,000원"
PF213560,1일권,"69,000원"
PF213560,양일권,"130,000원"
PF213816,R석,"60,000원"
PF213816,S석,"40,000원"
PF213816,A석,"20,000원"
PF214490,,"200,000원"
PF215652,,"66,000원"
PF215328,,"30,000원"
PF213815,R석,"60,000원"
PF213815,S석,"40,000원"
PF213815,A석,"20,000원"
PF213812,R석,"60,000원"
PF213812,S석,"40,000원"
PF213812,A석,"20,000원"
PF214917,,"30,000원"
PF215123,VIP석,"120,000원"
PF215123,R석,"80,000원"
PF215123,S석,"50,000원"
PF215123,A석,"30,000원"
PF215123,B석,"20,000원"
PF213808,R석,"60,000원"
PF213808,S석,"40,000원"
PF213808,A석,"20,000원"
PF214489,,"200,000원"
PF214798,,"99,000원"
PF212799,R석,"30,000원"
PF212799,S석,"20,000원"
PF213810,R석,"60,000원"
PF213810,S석,"40,000원"
PF213810,A석,"20,000원"
PF214176,,"15,000원"
PF215546,2일권,"169,000원"
PF215546,1일권,"109,000원"
PF213821,,"20,000원"
PF213270,1일권,"99,000원"
PF213270,양일권,"143,000원"
PF214343,Early Bird 2 Days,"179,000원"
PF214343,Early Bird 1 Day,"99,000원"
PF214825,R석,"121,000원"
PF214825,S석,"99,000원"
PF214825,A석,"77,000원"
PF213809,R석,"60,000원"
PF213809,S석,"40,000원"
PF213809,A석,"20,000원"
PF213813,R석,"60,000원"
PF213813,S석,"40,000원"
PF213813,A석,"20,000원"
PF214647,,"30,000원"
PF213778,R석,"60,000원"
PF213778,S석,"40,000원"
PF213778,A석,"20,000원"
PF213776,R석,"70,000원"
PF213776,S석,"50,000원"
PF213776,A석,"20,000원"
PF214921,,"30,000원"
PF212798,R석,"30,000원"
PF212798,S석,"20,000원"
PF214646,,"30,000원"
PF214167,,"10,000원"
PF215006,,"30,000원"
PF214919,,"30,000원"
PF215464,R석,"50,000원"
PF215464,S석,"30,000원"
PF214396,,"30,000원"
PF215004,R석,"100,000원"
PF215004,S석,"70,000원"
PF215004,A석,"50,000원"
PF215004,B석,"30,000원"
PF214924,,"20,000원"
PF214940,R석,"121,000원"
PF214940,S석,"110,000원"
PF214940,A석,"99,000원"
PF214878,R석,"121,000원"
PF214878,S석,"110,000원"
PF214878,A석,"99,000원"
PF214878,B석,"88,000원"
PF214935,R석,"99,000원"
PF214935,S석,"77,000원"
PF214935,A석,"66,000원"
PF214925,양일권,"187,000원"
PF214925,1일권,"121,000원"
PF214026,,"20,000원"
PF214883,R석,"121,000원"
PF214883,S석,"110,000원"
PF214883,A석,"99,000원"
PF214923,,"20,000원"
PF214922,,"20,000원"
PF212800,R석,"30,000원"
PF212800,S석,"20,000원"
PF214177,,"10,000원"
PF214920,,"30,000원"
PF204080,VIP석,"120,000원"
PF204080,R석,"100,000원"
PF204080,S석,"80,000원"
PF204080,A석,"50,000원"
PF204080,B석,"30,000원"
PF213740,,"10,000원"
PF204120,R석,"100,000원"
PF204120,S석,"80,000원"
PF204120,A석,"50,000원"
PF204120,B석,"30,000원"
PF214385,,"38,000원"
PF204090,S석,"80,000원"
PF204090,A석,"50,000원"
PF204090,B석,"30,000원"
PF213735,,"10,000원"
PF204097,,"50,000원"
PF214689,R석,"121,000원"
PF214689,S석,"110,000원"
PF214689,지정석,"99,000원"
PF215077,,"30,000원"
PF215251,R석,"30,000원"
PF215251,S석,"20,000원"
PF215251,A석,"10,000원"
PF204137,S석,"80,000원"
PF204137,A석,"50,000원"
PF204137,B석,"30,000원"
PF204137,,
PF214173,,"15,000원"
PF213739,,"30,000원"
PF204089,S석,"80,000원"
PF204089,A석,"50,000원"
PF204089,B석,"30,000원"
PF204101,S석,"80,000원"
PF204101,A석,"50,000원"
PF204101,B석,"30,000원"
PF204104,,"30,000원"
PF213818,,"30,000원"
PF214292,,"20,000원"
PF214290,,"20,000원"
PF204109,A석,"50,000원"
PF204109,B석,"30,000원"
PF213736,,"30,000원"
PF214916,,"30,000원"
PF214639,,"10,000원"
PF214838,,"30,000원"
PF213792,R석,"80,000원"
PF213792,S석,"50,000원"
PF204123,R석,"100,000원"
PF204123,S석,"80,000원"
PF204123,A석,"50,000원"
PF204123,B석,"30,000원"
PF204125,S석,"80,000원"
PF204125,A석,"50,000원"
PF204125,B석,"30,000원"
PF204150,S석,"80,000원"
PF204150,A석,"50,000원"
PF204150,B석,"30,000원"
PF214735,,"30,000원"
PF214401,,무료
PF204099,A석,"50,000원"
PF204099,B석,"30,000원"
PF214802,,"15,000원"
PF204103,S석,"80,000원"
PF204103,A석,"50,000원"
PF204103,B석,"30,000원"
PF214801,,"20,000원"
PF204081,VIP석,"120,000원"
PF204081,R석,"100,000원"
PF204081,S석,"80,000원"
PF204081,A석,"50,000원"
PF204081,B석,"30,000원"
PF214209,,
PF204078,A석,"50,000원"
PF204078,B석,"30,000원"
PF213054,,"20,000원"
PF204119,S석,"80,000원"
PF204119,A석,"50,000원"
PF204119,B석,"30,000원"
PF214804,,"15,000원"
PF204077,,
PF215209,,"30,000원"
PF204082,VIP석,"120,000원"
PF204082,R석,"100,000원"
PF204082,S석,"80,000원"
PF204082,A석,"50,000원"
PF204082,B석,"30,000원"
