PF215784,토요일(12:00)
PF215593,토요일(17:00)
PF215333,토요일(12:00)
PF215333,일요일(12:00)
PF215170,토요일(13:00)
PF215170,일요일(13:00)
PF215389,토요일(19:30)
PF215387,목요일(19:30)
PF215257,일요일(16:00)
PF215381,토요일(19:00)
PF215326,토요일(11:00)
PF215326,토요일(14:00)
PF215011,금요일(19:30)
PF215011,토요일(15:00)
PF215011,일요일(15:00)
PF215707,일요일(15:00)
PF215323,토요일(14:00)
PF215323,토요일(17:00)
PF215384,목요일(19:30)
PF214918,수요일(19:30)
PF214918,목요일(19:30)
PF214918,금요일(19:30)
PF214918,토요일(15:00)
PF214918,토요일(18:00)
PF214918,일요일(15:00)
PF213807,일요일(14:00)
PF213560,토요일(11:30)
PF213560,일요일(11:30)
PF213816,토요일(19:30)
PF214490,금요일(14:00)
PF215652,금요일(16:00)
PF215328,금요일(14:00)
PF215328,토요일(14:00)
PF213815,목요일(19:30)
PF213812,수요일(19:30)
PF214917,수요일(19:30)
PF214917,목요일(19:30)
PF214917,금요일(19:30)
PF214917,토요일(15:00)
PF214917,토요일(18:00)
PF214917,일요일(15:00)
PF215123,화요일(20:00)
PF213808,화요일(19:30)
PF214489,월요일(17:00)
PF214798,월요일(14:00)
PF212799,화요일(19:30)
PF212799,일요일(17:00)
PF213810,일요일(14:00)
PF213810,토요일(11:00)
PF214176,토요일(15:00)
PF215546,토요일(13:00)
PF215546,일요일(13:00)
PF213821,토요일(15:00)
PF213270,토요일(14:00)
PF213270,일요일(14:00)
PF214343,토요일(14:00)
PF214343,일요일(14:00)
PF214825,토요일(18:00)
PF213809,토요일(14:00)
PF213813,금요일(19:30)
PF214647,금요일(19:30)
PF214647,토요일(14:00)
PF214647,토요일(17:00)
PF213778,목요일(19:30)
PF213776,수요일(19:30)
PF214921,수요일(19:30)
PF214921,목요일(19:30)
PF214921,금요일(19:30)
PF214921,토요일(15:00)
PF214921,토요일(18:00)
PF214921,일요일(15:00)
PF212798,화요일(19:30)
PF212798,수요일(19:30)
PF212798,목요일(19:30)
PF212798,금요일(19:30)
PF214646,금요일(19:30)
PF214646,토요일(14:00)
PF214646,토요일(17:00)
PF214167,금요일(19:30)
PF214167,토요일(15:00)
PF215006,수요일(19:30)
PF214919,수요일(19:30)
PF214919,목요일(19:30)
PF214919,금요일(19:30)
PF214919,토요일(15:00)
PF214919,토요일(18:00)
PF214919,일요일(15:00)
PF215464,수요일(20:00)
PF215464,금요일(20:00)
PF215464,일요일(20:00)
PF214396,화요일(19:30)
PF214396,수요일(19:30)
PF214396,목요일(19:30)
PF214396,금요일(19:30)
PF214396,토요일(15:00)
PF214396,토요일(18:00)
PF214396,일요일(15:00)
PF215004,화요일(19:30)
PF214924,일요일(17:00)
PF214940,일요일(17:00)
PF214878,일요일(17:00)
PF214935,토요일(18:00)
PF214925,토요일(14:00)
PF214925,일요일(14:00)
PF214026,토요일(15:00)
PF214883,토요일(18:00)
PF214923,토요일(17:00)
PF214922,금요일(19:30)
PF212800,금요일(19:30)
PF212800,토요일(15:00)
PF214177,금요일(19:30)
PF214177,토요일(15:00)
PF214920,수요일(19:30)
PF214920,목요일(19:30)
PF214920,금요일(19:30)
PF214920,토요일(15:00)
PF214920,토요일(18:00)
PF214920,일요일(15:00)
PF204080,일요일(15:00)
PF213740,일요일(16:00)
PF204120,토요일(19:00)
PF214385,토요일(17:00)
PF204090,토요일(15:00)
PF213735,토요일(16:00)
PF204097,토요일(17:00)
PF204097,일요일(11:00)
PF214689,토요일(18:30)
PF214689,일요일(15:30)
PF215077,금요일(19:30)
PF215077,토요일(15:00)
PF215077,토요일(19:00)
PF215077,일요일(15:00)
PF215251,금요일(19:00)
PF215251,토요일(19:30)
PF204137,금요일(19:00)
PF214173,금요일(19:30)
PF214173,토요일(15:00)
PF213739,금요일(20:00)
PF204089,금요일(19:30)
PF204101,목요일(19:00)
PF204104,목요일(21:30)
PF213818,목요일(20:00)
PF214292,"목요일(20:00), "
PF214292,금요일(20:00)
PF214292,토요일(17:00)
PF214292,일요일(17:00)
PF214290,목요일(16:00)
PF214290,금요일(16:00)
PF214290,토요일(15:00)
PF214290,일요일(15:00)
PF204109,수요일(19:00)
PF213736,수요일(20:00)
PF214916,수요일(19:30)
PF214916,목요일(19:30)
PF214916,금요일(19:30)
PF214916,토요일(15:00)
PF214916,토요일(18:00)
PF214916,일요일(15:00)
PF214639,수요일(19:00)
PF214639,목요일(19:00)
PF214639,금요일(19:00)
PF214639,토요일(15:00)
PF214838,수요일(19:30)
PF214838,목요일(19:30)
PF214838,금요일(19:30)
PF214838,토요일(15:00)
PF214838,토요일(18:00)
PF214838,일요일(15:00)
PF213792,화요일(19:30)
PF204123,화요일(19:00)
PF204125,월요일(21:30)
PF204150,월요일(19:00)
PF214735,월요일(15:00)
PF214735,월요일(18:00)
PF214401,월요일(19:00)
PF204099,일요일(15:00)
PF214802,일요일(15:00)
PF204103,일요일(17:00)
PF214801,토요일(18:00)
PF204081,토요일(19:00)
PF214209,토요일(16:00)
PF214209,토요일(19:30)
PF204078,토요일(11:00)
PF213054,토요일(11:00)
PF204119,토요일(15:00)
PF214804,토요일(15:00)
PF204077,금요일(17:00)
PF204077,토요일(17:00)
PF204077,일요일(11:00)
PF215209,금요일(16:00)
PF215209,금요일(19:30)
PF204082,금요일(19:00)
