1,PF215784,토요일(12:00)
2,PF215593,토요일(17:00)
3,PF215333,토요일(12:00)
4,PF215333,일요일(12:00)
5,PF215170,토요일(13:00)
6,PF215170,일요일(13:00)
7,PF215389,토요일(19:30)
8,PF215387,목요일(19:30)
9,PF215257,일요일(16:00)
10,PF215381,토요일(19:00)
11,PF215326,토요일(11:00)
12,PF215326,토요일(14:00)
13,PF215011,금요일(19:30)
14,PF215011,토요일(15:00)
15,PF215011,일요일(15:00)
16,PF215707,일요일(15:00)
17,PF215323,토요일(14:00)
18,PF215323,토요일(17:00)
19,PF215384,목요일(19:30)
20,PF214918,수요일(19:30)
21,PF214918,목요일(19:30)
22,PF214918,금요일(19:30)
23,PF214918,토요일(15:00)
24,PF214918,토요일(18:00)
25,PF214918,일요일(15:00)
26,PF213807,일요일(14:00)
27,PF213560,토요일(11:30)
28,PF213560,일요일(11:30)
29,PF213816,토요일(19:30)
30,PF214490,금요일(14:00)
31,PF215652,금요일(16:00)
32,PF215328,금요일(14:00)
33,PF215328,토요일(14:00)
34,PF213815,목요일(19:30)
35,PF213812,수요일(19:30)
36,PF214917,수요일(19:30)
37,PF214917,목요일(19:30)
38,PF214917,금요일(19:30)
39,PF214917,토요일(15:00)
40,PF214917,토요일(18:00)
41,PF214917,일요일(15:00)
42,PF215123,화요일(20:00)
43,PF213808,화요일(19:30)
44,PF214489,월요일(17:00)
45,PF214798,월요일(14:00)
46,PF212799,화요일(19:30)
47,PF212799,일요일(17:00)
48,PF213810,일요일(14:00)
49,PF213810,토요일(11:00)
50,PF214176,토요일(15:00)
51,PF215546,토요일(13:00)
52,PF215546,일요일(13:00)
53,PF213821,토요일(15:00)
54,PF213270,토요일(14:00)
55,PF213270,일요일(14:00)
56,PF214343,토요일(14:00)
57,PF214343,일요일(14:00)
58,PF214825,토요일(18:00)
59,PF213809,토요일(14:00)
60,PF213813,금요일(19:30)
61,PF214647,금요일(19:30)
62,PF214647,토요일(14:00)
63,PF214647,토요일(17:00)
64,PF213778,목요일(19:30)
65,PF213776,수요일(19:30)
66,PF214921,수요일(19:30)
67,PF214921,목요일(19:30)
68,PF214921,금요일(19:30)
69,PF214921,토요일(15:00)
70,PF214921,토요일(18:00)
71,PF214921,일요일(15:00)
72,PF212798,화요일(19:30)
73,PF212798,수요일(19:30)
74,PF212798,목요일(19:30)
75,PF212798,금요일(19:30)
76,PF214646,금요일(19:30)
77,PF214646,토요일(14:00)
78,PF214646,토요일(17:00)
79,PF214167,금요일(19:30)
80,PF214167,토요일(15:00)
81,PF215006,수요일(19:30)
82,PF214919,수요일(19:30)
83,PF214919,목요일(19:30)
84,PF214919,금요일(19:30)
85,PF214919,토요일(15:00)
86,PF214919,토요일(18:00)
87,PF214919,일요일(15:00)
88,PF215464,수요일(20:00)
89,PF215464,금요일(20:00)
90,PF215464,일요일(20:00)
91,PF214396,화요일(19:30)
92,PF214396,수요일(19:30)
93,PF214396,목요일(19:30)
94,PF214396,금요일(19:30)
95,PF214396,토요일(15:00)
96,PF214396,토요일(18:00)
97,PF214396,일요일(15:00)
98,PF215004,화요일(19:30)
99,PF214924,일요일(17:00)
100,PF214940,일요일(17:00)
101,PF214878,일요일(17:00)
102,PF214935,토요일(18:00)
103,PF214925,토요일(14:00)
104,PF214925,일요일(14:00)
105,PF214026,토요일(15:00)
106,PF214883,토요일(18:00)
107,PF214923,토요일(17:00)
108,PF214922,금요일(19:30)
109,PF212800,금요일(19:30)
110,PF212800,토요일(15:00)
111,PF214177,금요일(19:30)
112,PF214177,토요일(15:00)
113,PF214920,수요일(19:30)
114,PF214920,목요일(19:30)
115,PF214920,금요일(19:30)
116,PF214920,토요일(15:00)
117,PF214920,토요일(18:00)
118,PF214920,일요일(15:00)
119,PF204080,일요일(15:00)
120,PF213740,일요일(16:00)
121,PF204120,토요일(19:00)
122,PF214385,토요일(17:00)
123,PF204090,토요일(15:00)
124,PF213735,토요일(16:00)
125,PF204097,토요일(17:00)
126,PF204097,일요일(11:00)
127,PF214689,토요일(18:30)
128,PF214689,일요일(15:30)
129,PF215077,금요일(19:30)
130,PF215077,토요일(15:00)
131,PF215077,토요일(19:00)
132,PF215077,일요일(15:00)
133,PF215251,금요일(19:00)
134,PF215251,토요일(19:30)
135,PF204137,금요일(19:00)
136,PF214173,금요일(19:30)
137,PF214173,토요일(15:00)
138,PF213739,금요일(20:00)
139,PF204089,금요일(19:30)
140,PF204101,목요일(19:00)
141,PF204104,목요일(21:30)
142,PF213818,목요일(20:00)
143,PF214292,"목요일(20:00), "
144,PF214292,금요일(20:00)
145,PF214292,토요일(17:00)
146,PF214292,일요일(17:00)
147,PF214290,목요일(16:00)
148,PF214290,금요일(16:00)
149,PF214290,토요일(15:00)
150,PF214290,일요일(15:00)
151,PF204109,수요일(19:00)
152,PF213736,수요일(20:00)
153,PF214916,수요일(19:30)
154,PF214916,목요일(19:30)
155,PF214916,금요일(19:30)
156,PF214916,토요일(15:00)
157,PF214916,토요일(18:00)
158,PF214916,일요일(15:00)
159,PF214639,수요일(19:00)
160,PF214639,목요일(19:00)
161,PF214639,금요일(19:00)
162,PF214639,토요일(15:00)
163,PF214838,수요일(19:30)
164,PF214838,목요일(19:30)
165,PF214838,금요일(19:30)
166,PF214838,토요일(15:00)
167,PF214838,토요일(18:00)
168,PF214838,일요일(15:00)
169,PF213792,화요일(19:30)
170,PF204123,화요일(19:00)
171,PF204125,월요일(21:30)
172,PF204150,월요일(19:00)
173,PF214735,월요일(15:00)
174,PF214735,월요일(18:00)
175,PF214401,월요일(19:00)
176,PF204099,일요일(15:00)
177,PF214802,일요일(15:00)
178,PF204103,일요일(17:00)
179,PF214801,토요일(18:00)
180,PF204081,토요일(19:00)
181,PF214209,토요일(16:00)
182,PF214209,토요일(19:30)
183,PF204078,토요일(11:00)
184,PF213054,토요일(11:00)
185,PF204119,토요일(15:00)
186,PF214804,토요일(15:00)
187,PF204077,금요일(17:00)
188,PF204077,토요일(17:00)
189,PF204077,일요일(11:00)
190,PF215209,금요일(16:00)
191,PF215209,금요일(19:30)
192,PF204082,금요일(19:00)
